ƒJƒ‰[ƒR[ƒh,–Ό‘O,‚ζ‚έ
#EF454A,ι,‚µ‚γ
#94474B,‘h–F,‚·‚¨‚¤
#E38089,“,‚ΰ‚ΰ
#DF828A,g”~,‚±‚¤‚Ξ‚Ά
#AD3140,δb‰,‚¦‚ρ‚¶
#FF7F8F,Xθ,‚³‚ρ‚²
#FBDADE,χ,‚³‚­‚η
#9E2236,©,‚ ‚©‚Λ
#E64B6B,Ψg,‚©‚η‚­‚κ‚Θ‚Ά
#B81A3E,gΤ,‚Χ‚Ι‚ ‚©
#D53E62,εKεN,‚Ξ‚η
#BE0032,Τ,‚ ‚©
#FA9CB8,“Ό,‚Ζ‚«
#BE003F,g,‚Χ‚Ι
#CF4078,ηUηP,‚Β‚Β‚¶
#DA508F,Τ‡,‚ ‚©‚ή‚η‚³‚«
#C94093,‰²’O,‚Ϊ‚½‚ρ
#C573B2,—,‚ ‚β‚ί
#473946,‰Φq®,‚Θ‚·‚±‚ρ
#422C41,‡®,‚µ‚±‚ρ
#765276,Γ‘γ‡,‚±‚Ύ‚Ά‚ή‚η‚³‚«
#A757A8,‡,‚ή‚η‚³‚«
#614876,]Λ‡,‚¦‚Η‚ή‚η‚³‚«
#665971,”µ‰H,‚Ν‚Ζ‚Ξ
#744B98,—,‚µ‚ε‚¤‚Τ
#714C99,δΏ,‚·‚έ‚κ
#7445AA,Β‡,‚ ‚¨‚ή‚η‚³‚«
#9883C9,“΅‡,‚Σ‚¶‚ή‚η‚³‚«
#A294C8,“΅,‚Σ‚¶
#69639A,“΅”[Λ,‚Σ‚¶‚Θ‚ρ‚Η
#353573,®—•,‚±‚ρ‚ ‚Ά
#292934,“S®,‚Δ‚Β‚±‚ρ
#4347A2,‹j[,‚«‚«‚ε‚¤
#3A3C4F,,‚©‚Ώ
#384D98,QΒ,‚®‚ρ‚¶‚ε‚¤
#435AA0,“mα,‚©‚«‚Β‚Ξ‚½
#343D55,®,‚±‚ρ
#3A4861,®Β,‚±‚ρ‚¶‚ε‚¤
#27477A,—Ϊ—®,‚ι‚θ‚±‚ρ
#89ACD7,–ά–Y‘,‚ν‚·‚κ‚Θ‚®‚³
#72777D,‰”,‚Θ‚ά‚θ
#00519A,—Ϊ—,‚ι‚θ
#223546,”Z—•,‚±‚Ά‚ ‚Ά
#2B618F,γ|,‚Ν‚Θ‚Ύ
#2B4B65,—•,‚ ‚Ά
#006AB6,Β,‚ ‚¨
#89BDDE,‹σ,‚»‚η
#007BC3,I‘,‚Β‚δ‚­‚³
#576D79,—•‘l,‚ ‚Ά‚Λ‚Έ
#9DCCE0,…,‚έ‚Έ
#7EB1C1,αP”`‚«,‚©‚ί‚Μ‚Ό‚«
#73B3C1,”’Q,‚Ρ‚α‚­‚®‚ρ
#00687C,”[Λ,‚Θ‚ρ‚Η
#00859B,σ”K,‚ ‚³‚¬
#53A8B7,V‹΄,‚µ‚ρ‚Ξ‚µ
#6D969C,…σ”K,‚έ‚Έ‚ ‚³‚¬
#608A8E,Kσ”K,‚³‚Ρ‚ ‚³‚¬
#008E94,Β—Ξ,‚ ‚¨‚έ‚Η‚θ
#24433E,“S,‚Δ‚Β
#6AA89D,Β’|,‚ ‚¨‚½‚―
#00A37E,α’|,‚ν‚©‚½‚―
#00533E,–G”K,‚ΰ‚¦‚¬
#6DA895,Β¥,‚Ή‚Ά‚¶
#007B50,ν”Φ,‚Ζ‚«‚ν
#005638,[—Ξ,‚Σ‚©‚έ‚Η‚θ
#00B66E,—Ξ,‚έ‚Η‚θ
#3C6754,ηΞ—Ξ,‚Ώ‚Ζ‚Ή‚έ‚Η‚θ
#4D8169,—ΞΒ,‚λ‚­‚µ‚ε‚¤
#BADBC7,”’—Ξ,‚Ρ‚α‚­‚λ‚­
#6E7972,—‹x‘l,‚θ‚«‚γ‚¤‚Λ‚Έ‚έ
#687E52,Ό—t,‚ά‚Β‚Ξ
#A9C087,α—t,‚ν‚©‚Ξ
#737C3E,‘,‚­‚³
#97A61E,–G‰©,‚ΰ‚¦‚¬
#AAB300,α‘,‚ν‚©‚­‚³
#BBC000,‰©—Ξ,‚«‚έ‚Η‚θ
#7C7A37,‘Ϋ,‚±‚―
#C2BD3D,κS,‚Π‚ν
#706C3E,ις,‚¤‚®‚Ά‚·
#D6C949,‰©@,‚«‚Ν‚Ύ
#C0BA7F,–•’ƒ,‚ά‚Α‚Ώ‚α
#EDD60E,’†‰©,‚Ώ‚γ‚¤‚«
#E3C700,—φ‰p,‚½‚ρ‚Ϋ‚Ϋ
#E3C700,‰©,‚«
#EAD56B, ΐ,‚©‚θ‚β‚·
#716B4A,CΌ,‚έ‚ι
#6A5F37,ις’ƒ,‚¤‚®‚Ά‚·‚Ώ‚α
#EDAE00,T‹ΰ,‚¤‚±‚ρ
#FFBB00,ό“ϊ¨,‚Π‚ά‚ν‚θ
#F8A900,R,‚β‚ά‚Τ‚«
#C8A65D,Hq,‚©‚η‚µ
#B47700,‹ΰ’ƒ,‚«‚ρ‚Ώ‚α
#B8883B,‰©“y,‚¨‚¤‚Η
#C5B69E,»,‚·‚Θ
#DED2BF,Ϋ‰ε,‚Ό‚¤‚°
#EBE7E1,Σ•²,‚²‚Σ‚ρ
#F4BD6B,—‘,‚½‚ά‚²
#EB8400,–¨Ή,‚έ‚©‚ρ
#6B3E08,,‚©‚Α‚µ‚ε‚­
#9F6C31,“y,‚Β‚Ώ
#AA7A40,ΰζΰί,‚±‚Ν‚­
#847461,‹€—t,‚­‚Ώ‚Ξ
#5D5245,”’|,‚·‚·‚½‚―
#D4A168,¬”,‚±‚ή‚¬
#EAE0D5,¶¬‚θ,‚«‚Θ‚θ
#EF810F,ς,‚Ύ‚Ά‚Ύ‚Ά
#D89F6D,Η,‚ ‚ρ‚Έ
#FAA55C,Ήq,‚±‚¤‚¶
#B1632A,‰©’ƒ,‚«‚Ώ‚α
#6D4C33,’ƒ,‚Ώ‚α
#F1BB93,”§,‚Ν‚Ύ
#B0764F,ιpιk,‚η‚­‚Ύ
#816551,D’ƒ,‚Ν‚Ά‚Ώ‚α
#564539,Ε’ƒ,‚±‚°‚Ώ‚α
#D86011,‰©Τ,‚«‚ ‚©
#998D86,’ƒ‘l,‚Ώ‚α‚Λ‚Έ‚έ
#B26235,‘γζή,‚½‚Ά‚µ‚α
#704B38,I,‚­‚θ
#3E312B,•’ƒ,‚­‚λ‚Ώ‚α
#865C4B,•O”η,‚Π‚ν‚Ύ
#B64826,’,‚©‚Ξ
#DB5C35,`,‚©‚«
#EB6940,‰©’O,‚¨‚¤‚Ι
#914C35,—ωΆ,‚κ‚ρ‚
#B5725C,“χj,‚Ι‚Α‚―‚Ά
#624035,K,‚³‚Ρ
#E65226,Τς,‚ ‚©‚Ύ‚Ά‚Ύ‚Ά
#8D3927,ΤK,‚ ‚©‚³‚Ρ
#AD4E39,Τ’ƒ,‚ ‚©‚Ώ‚α
#EA4E31,‹ΰΤ,‚«‚ρ‚ ‚©
#693C34,CV’ƒ,‚¦‚Ρ‚Ώ‚α
#905D54,¬“¤,‚ ‚Έ‚«
#863E33,•Ω•Ώ,‚Χ‚ρ‚‚η
#6D3A33,gCV’ƒ,‚Χ‚Ι‚¦‚Ρ‚Ώ‚α
#7A453D,“Ξ,‚Ζ‚Ρ
#D1483E,‰”’O,‚¦‚ρ‚½‚ρ
#9E413F,g’,‚Χ‚Ι‚©‚Ξ
#EF4644,g”κ,‚Χ‚Ι‚Π
#F0F0F0,”’,‚µ‚λ
#9C9C9C,‹β‘l,‚¬‚ρ‚Λ‚Έ
#838383,‘l,‚Λ‚Έ‚έ
#767676,D,‚Ν‚Ά
#343434,–n,‚·‚έ
#2A2A2A,“S•,‚Δ‚Β‚®‚λ
#2A2A2A,•,‚­‚λ
